{"models_names": ["Linear", "SVM", "XGBoost", "GBR", "Hist_GBR"], 
"mae_list": [110386819.35369027, 0.049492621472319726, 0.012386080223573192, 0.011785388939250074, 0.009291220940496295], 
"rmse_list": [1122121237.1612117, 0.05593450412490295, 0.019764598768831874, 0.02000055646791753, 0.01631169918803766],
 "pearson_list": [0.043473710948548044, 0.2044082729119678, 0.7610201183996037, 0.8147368840999193, 0.8190812525545041], 
 "r2_list": [-2.036506385966816e+21, -4.060178034891982, 0.3681962238099227, 0.35302072247374616, 0.5696670307093599]}